Comment,Designator,Footprint,LCSC,Quantity
100R,"R10,R13,R8",R_1206_3216Metric_Pad1.30x1.75mm_HandSolder,C17901,3
100nF,"C1,C3,C5,C6,C7",C_1206_3216Metric_Pad1.33x1.80mm_HandSolder,C24497,5
10K,"R12,R3,R5,R9",R_1206_3216Metric_Pad1.30x1.75mm_HandSolder,C17902,4
15K,R6,R_1206_3216Metric_Pad1.30x1.75mm_HandSolder,C25828,1
1K,R4,R_1206_3216Metric_Pad1.30x1.75mm_HandSolder,C4410,1
2.2uF,C4,C_1206_3216Metric_Pad1.33x1.80mm_HandSolder,C50254,1
2K2,"R1,R2",R_1206_3216Metric_Pad1.30x1.75mm_HandSolder,C17948,2
4.7uF,C2,C_1206_3216Metric_Pad1.33x1.80mm_HandSolder,C29823,1
470R,R11,R_1206_3216Metric_Pad1.30x1.75mm_HandSolder,C4502,1
4K7,R7,R_1206_3216Metric_Pad1.30x1.75mm_HandSolder,C17936,1
AO3400A,"Q1,Q2",SOT-23,C347475,2
CH32V003AxMx,U1,STC_SOP-16_3.9x9.9mm_P1.27mm,C5346357,1
LED,D2,LED_1206_3216Metric_Pad1.42x1.75mm_HandSolder,C3646937,1
SMAJ14A,D3,D_SMA,C908768,1
SW_Push,SW1,3_4_2 SMD Micro Touch Switch Button,C843659,1
TLV70433DBVR,U2,SOT-23-5_L3.0-W1.7-P0.95-LS2.8-BR,C94917,1
Conn_02x32_Counter_Clockwise,J1,2x32 Edge Connector,,1
TestPoint,TP1,TestPoint_THTPad_1.0x1.0mm_Drill0.5mm,,1
